path,image,tag,digest,eol_risk,source,ref_type,raw_ref
examples/current/apps/demo-web.yml,{{ DEMO_WEB_IMAGE }},,,unknown,examples/current,image,{{ DEMO_WEB_IMAGE }}
examples/current/apps/nginx/deployment.yml,nginx,1.27.5,sha256:6784fb0834aa7dbbe12e3d7471e69c290df3e6ba810dc38b34ae33d3c1c05f7d,low,examples/current,image,nginx:1.27.5@sha256:6784fb0834aa7dbbe12e3d7471e69c290df3e6ba810dc38b34ae33d3c1c05f7d
examples/current/observability/alertmanager-storage-skeleton.yml,{{ ALERTMANAGER_IMAGE }},,,unknown,examples/current,image,{{ ALERTMANAGER_IMAGE }}
examples/current/observability/grafana-skeleton.yml,{{ GRAFANA_IMAGE }},,,unknown,examples/current,image,{{ GRAFANA_IMAGE }}
examples/current/observability/logging/fluent-bit-daemonset.yml,{{ FLUENT_BIT_IMAGE }},,,unknown,examples/current,image,{{ FLUENT_BIT_IMAGE }}
examples/current/observability/metrics-server-skeleton.yml,{{ METRICS_SERVER_IMAGE }},,,unknown,examples/current,image,{{ METRICS_SERVER_IMAGE }}
examples/current/observability/prometheus-skeleton.yml,{{ PROMETHEUS_IMAGE }},,,unknown,examples/current,image,{{ PROMETHEUS_IMAGE }}
k8s/ExtraAddons/external-dns/coredns/coredns-dp.yml,coredns/coredns,1.1.4,unknown,high,k8s,image,coredns/coredns:1.1.4
k8s/ExtraAddons/external-dns/coredns/etcd-dp.yml,quay.io/coreos/etcd,v3.1.9,unknown,high,k8s,image,quay.io/coreos/etcd:v3.1.9
k8s/ExtraAddons/external-dns/external-dns/external-dns.yml,registry.opensource.zalan.do/teapot/external-dns,v0.5.4,unknown,high,k8s,image,registry.opensource.zalan.do/teapot/external-dns:v0.5.4
k8s/ExtraAddons/ingress-controller/ingress-controller.yml,quay.io/kubernetes-ingress-controller/nginx-ingress-controller,0.17.0,unknown,high,k8s,image,quay.io/kubernetes-ingress-controller/nginx-ingress-controller:0.17.0
k8s/ExtraAddons/ingress-controller/ingress-controller.yml,registry.cn-hangzhou.aliyuncs.com/google_containers/defaultbackend,1.4,unknown,medium,k8s,image,registry.cn-hangzhou.aliyuncs.com/google_containers/defaultbackend:1.4
k8s/ExtraAddons/prometheus/alertmanager/alertmanager-main.yml,quay.io/prometheus/alertmanager,v0.15.0,unknown,medium,operator-baseimage,operator-baseimage,quay.io/prometheus/alertmanager:v0.15.0
k8s/ExtraAddons/prometheus/grafana/grafana-dp.yml,grafana/grafana,5.1.0,unknown,high,k8s,image,grafana/grafana:5.1.0
k8s/ExtraAddons/prometheus/kube-state-metrics/kube-state-metrics-dp.yml,quay.io/coreos/addon-resizer,1.0,unknown,high,k8s,image,quay.io/coreos/addon-resizer:1.0
k8s/ExtraAddons/prometheus/kube-state-metrics/kube-state-metrics-dp.yml,quay.io/coreos/kube-rbac-proxy,v0.3.1,unknown,high,k8s,image,quay.io/coreos/kube-rbac-proxy:v0.3.1
k8s/ExtraAddons/prometheus/kube-state-metrics/kube-state-metrics-dp.yml,quay.io/coreos/kube-state-metrics,v1.3.1,unknown,high,k8s,image,quay.io/coreos/kube-state-metrics:v1.3.1
k8s/ExtraAddons/prometheus/node-exporter/node-exporter-ds.yml,quay.io/coreos/kube-rbac-proxy,v0.3.1,unknown,medium,k8s,image,quay.io/coreos/kube-rbac-proxy:v0.3.1
k8s/ExtraAddons/prometheus/node-exporter/node-exporter-ds.yml,quay.io/prometheus/node-exporter,v0.15.2,unknown,high,k8s,image,quay.io/prometheus/node-exporter:v0.15.2
k8s/ExtraAddons/prometheus/operator/operator.yml,quay.io/coreos/prometheus-operator,v0.22.0,unknown,high,k8s,image,quay.io/coreos/prometheus-operator:v0.22.0
k8s/ExtraAddons/prometheus/prometheus/prometheus-main.yml,quay.io/prometheus/prometheus,v2.3.1,unknown,medium,operator-baseimage,operator-baseimage,quay.io/prometheus/prometheus:v2.3.1
k8s/addons/calico/v3.1/calico.yml,quay.io/calico/cni,v3.1.3,unknown,high,k8s,image,quay.io/calico/cni:v3.1.3
k8s/addons/calico/v3.1/calico.yml,quay.io/calico/node,v3.1.3,unknown,high,k8s,image,quay.io/calico/node:v3.1.3
k8s/addons/calico/v3.1/calico.yml,quay.io/calico/typha,v0.7.4,unknown,high,k8s,image,quay.io/calico/typha:v0.7.4
k8s/addons/calico/v3.1/calicoctl.yml,quay.io/calico/ctl,v3.1.3,unknown,high,k8s,image,quay.io/calico/ctl:v3.1.3
k8s/addons/coredns/coredns.yml,coredns/coredns,1.2.0,unknown,high,k8s,image,coredns/coredns:1.2.0
k8s/addons/flannel/kube-flannel.yml,quay.io/coreos/flannel,v0.10.0-amd64,unknown,high,k8s,image,quay.io/coreos/flannel:v0.10.0-amd64
k8s/addons/kube-proxy/kube-proxy.yml,registry.cn-hangzhou.aliyuncs.com/google_containers/kube-proxy-amd64,v1.11.3,unknown,high,k8s,image,registry.cn-hangzhou.aliyuncs.com/google_containers/kube-proxy-amd64:v1.11.3
k8s/apps/nginx/nginx-dp.yml,nginx,1.27.5,unknown,medium,k8s,image,nginx:1.27.5
k8s/archived/WeaveScope/scope.yml,docker.io/weaveworks/scope,1.10.1,unknown,high,k8s,image,docker.io/weaveworks/scope:1.10.1
k8s/archived/dashboard/kubernetes-dashboard.yml,registry.cn-hangzhou.aliyuncs.com/google_containers/kubernetes-dashboard-amd64,v1.8.3,unknown,high,k8s,image,registry.cn-hangzhou.aliyuncs.com/google_containers/kubernetes-dashboard-amd64:v1.8.3
k8s/archived/efk/elasticsearch-sts.yml,alpine,3.6,unknown,high,k8s,image,alpine:3.6
k8s/archived/efk/elasticsearch-sts.yml,registry.cn-hangzhou.aliyuncs.com/google_containers/elasticsearch,v6.2.5,unknown,high,k8s,image,registry.cn-hangzhou.aliyuncs.com/google_containers/elasticsearch:v6.2.5
k8s/archived/efk/fluentd-es-ds.yml,registry.cn-hangzhou.aliyuncs.com/google_containers/fluentd-elasticsearch,v2.2.0,unknown,high,k8s,image,registry.cn-hangzhou.aliyuncs.com/google_containers/fluentd-elasticsearch:v2.2.0
k8s/archived/efk/kibana-dp.yml,docker.elastic.co/kibana/kibana-oss,6.2.4,unknown,high,k8s,image,docker.elastic.co/kibana/kibana-oss:6.2.4
k8s/archived/kube-dns/kubedns.yml,registry.cn-hangzhou.aliyuncs.com/google_containers/k8s-dns-dnsmasq-nanny-amd64,1.14.7,unknown,high,k8s,image,registry.cn-hangzhou.aliyuncs.com/google_containers/k8s-dns-dnsmasq-nanny-amd64:1.14.7
k8s/archived/kube-dns/kubedns.yml,registry.cn-hangzhou.aliyuncs.com/google_containers/k8s-dns-kube-dns-amd64,1.14.7,unknown,high,k8s,image,registry.cn-hangzhou.aliyuncs.com/google_containers/k8s-dns-kube-dns-amd64:1.14.7
k8s/archived/kube-dns/kubedns.yml,registry.cn-hangzhou.aliyuncs.com/google_containers/k8s-dns-sidecar-amd64,1.14.7,unknown,high,k8s,image,registry.cn-hangzhou.aliyuncs.com/google_containers/k8s-dns-sidecar-amd64:1.14.7
k8s/archived/metrics-server/metrics-server-1.12+.yml,zhangguanzhang/gcr.io.google_containers.metrics-server-amd64,v0.3.1,unknown,high,k8s,image,zhangguanzhang/gcr.io.google_containers.metrics-server-amd64:v0.3.1
k8s/archived/metrics-server/metrics-server.yml,zhangguanzhang/gcr.io.google_containers.metrics-server-amd64,v0.2.1,unknown,high,k8s,image,zhangguanzhang/gcr.io.google_containers.metrics-server-amd64:v0.2.1
k8s/master/manifests/etcd.yml,quay.io/coreos/etcd,v3.3.9,unknown,high,k8s,image,quay.io/coreos/etcd:v3.3.9
k8s/master/manifests/haproxy.yml,kairen/haproxy,1.7,unknown,high,k8s,image,kairen/haproxy:1.7
k8s/master/manifests/keepalived.yml,zhangguanzhang/keepalived,1.3.9,unknown,high,k8s,image,zhangguanzhang/keepalived:1.3.9
k8s/master/manifests/kube-apiserver.yml,registry.cn-hangzhou.aliyuncs.com/google_containers/kube-apiserver-amd64,v1.11.1,unknown,high,k8s,image,registry.cn-hangzhou.aliyuncs.com/google_containers/kube-apiserver-amd64:v1.11.1
k8s/master/manifests/kube-controller-manager.yml,registry.cn-hangzhou.aliyuncs.com/google_containers/kube-controller-manager-amd64,v1.11.1,unknown,high,k8s,image,registry.cn-hangzhou.aliyuncs.com/google_containers/kube-controller-manager-amd64:v1.11.1
k8s/master/manifests/kube-scheduler.yml,registry.cn-hangzhou.aliyuncs.com/google_containers/kube-scheduler-amd64,v1.11.1,unknown,high,k8s,image,registry.cn-hangzhou.aliyuncs.com/google_containers/kube-scheduler-amd64:v1.11.1
